{
    "ridge_parameter": 0.1,
    "gamma": 0.0001221852013789669,
    "train_size": 40,
    "val_size": 10,
    "regressor_name": "gaussian",
    "rmae": 0.17654960138826295
}