{
    "ridge_parameter": 0.025,
    "gamma": 0.007812553799051483,
    "train_size": 5600,
    "val_size": 1400,
    "regressor_name": "gaussian",
    "rmae": 0.1566492967729976
}