{
    "ridge_parameter": 0.032594856124267886,
    "sigma": 2.0,
    "train_size": 1,
    "val_size": 1,
    "regressor_name": "quantum_kernel",
    "rmae": 0.07353955725286632,
    "mitigate": true
}